,City,Country,Lat,Lng,Max Temp,Humidity,Cloudiness,Wind Speed,Current Description
0,Kapaa,US,22.0752,-159.319,82.38,77,100,20.71,overcast clouds
1,La Cruz,MX,23.9167,-106.9,65.8,86,9,0.78,clear sky
2,Acapulco,MX,16.8634,-99.8901,75.02,83,0,6.91,clear sky
3,Butaritari,KI,3.0707,172.7902,81.52,74,99,11.65,overcast clouds
4,Tafo,GH,6.7345,-1.6127,71.58,88,100,2.98,overcast clouds
5,Pundaguitan,PH,6.3711,126.1689,81.93,76,100,4.7,overcast clouds
6,Port Alfred,ZA,-33.5906,26.891,63.18,90,50,1.99,scattered clouds
7,Porterville,US,36.0652,-119.0168,71.02,40,0,0.0,clear sky
8,Saskylakh,RU,71.9167,114.0833,-2.0,94,100,12.03,overcast clouds
9,Rikitea,PF,-23.1203,-134.9692,77.99,63,100,9.55,overcast clouds
10,Asfi,MA,32.2994,-9.2372,57.72,85,100,12.48,overcast clouds
11,Broken Hill,AU,-31.95,141.4333,72.3,33,0,2.26,clear sky
12,Albany,US,42.6001,-73.9662,37.02,90,100,3.0,overcast clouds
13,Castro,BR,-24.7911,-50.0119,60.73,99,46,5.17,scattered clouds
14,Ushuaia,AR,-54.8,-68.3,33.75,94,45,5.95,scattered clouds
15,Fortuna,US,40.5982,-124.1573,51.66,83,0,5.75,clear sky
16,Sohag,EG,26.557,31.6948,75.63,15,25,3.89,scattered clouds
17,Puerto Ayora,EC,-0.7393,-90.3518,77.56,91,100,3.0,overcast clouds
18,Bambous Virieux,MU,-20.3428,57.7575,81.21,83,75,12.66,light rain
19,Atuona,PF,-9.8,-139.0333,79.92,73,11,20.36,few clouds
20,Tuktoyaktuk,CA,69.4541,-133.0374,-12.21,95,99,4.94,overcast clouds
21,Jamestown,US,42.097,-79.2353,34.02,64,46,4.0,scattered clouds
22,Barrow,US,71.2906,-156.7887,-5.78,77,0,16.11,haze
23,Margate,GB,51.3813,1.3862,40.87,68,99,5.99,overcast clouds
24,Thompson,CA,55.7435,-97.8558,28.11,94,100,6.35,overcast clouds
25,Bonavista,CA,48.6499,-53.1147,33.46,83,63,19.17,broken clouds
26,Airai,TL,-8.9266,125.4092,74.77,48,10,2.33,clear sky
27,Hobart,AU,-42.8794,147.3294,70.27,71,75,9.22,broken clouds
28,Pevek,RU,69.7008,170.3133,-3.23,86,4,1.79,clear sky
29,Qaanaaq,GL,77.484,-69.3632,10.96,67,90,7.87,overcast clouds
30,Georgetown,MY,5.4112,100.3354,82.33,83,20,5.75,few clouds
31,Dingle,PH,10.9995,122.6711,86.13,65,100,15.14,overcast clouds
32,Hermanus,ZA,-34.4187,19.2345,54.81,85,3,3.49,clear sky
33,Busselton,AU,-33.65,115.3333,70.7,46,11,13.42,few clouds
34,Devonport,AU,-41.1667,146.35,73.09,57,1,9.89,clear sky
35,Tiksi,RU,71.6872,128.8694,7.21,90,100,9.1,overcast clouds
36,Tasiilaq,GL,65.6145,-37.6368,19.56,93,100,8.5,overcast clouds
37,Punta Arenas,CL,-53.15,-70.9167,37.11,86,30,23.0,light rain
38,Faya,SA,18.3851,42.4509,54.12,38,99,2.77,overcast clouds
39,Mitsamiouli,KM,-11.3847,43.2844,81.0,75,10,0.58,light rain
40,Agadez,NE,19.75,10.25,80.56,5,32,4.74,scattered clouds
41,Vaini,TO,-21.2,-175.2,82.56,83,75,5.75,broken clouds
42,Avarua,CK,-21.2078,-159.775,78.85,83,100,2.3,overcast clouds
43,Bose,IT,45.4612,8.0137,42.3,86,99,1.57,overcast clouds
44,Saint George,US,37.1041,-113.5841,70.63,29,0,1.01,clear sky
45,Yellowknife,CA,62.456,-114.3525,21.72,76,40,15.01,scattered clouds
46,Cefalu,IT,38.0386,14.0229,52.54,76,100,5.01,overcast clouds
47,Sitka,US,57.0531,-135.33,39.09,81,100,9.22,moderate rain
48,Nikolskoye,RU,59.7035,30.7861,28.87,95,46,4.29,scattered clouds
49,Ribeira Grande,PT,38.5167,-28.7,59.74,75,98,14.7,overcast clouds
50,Cap Malheureux,MU,-19.9842,57.6142,81.46,77,22,5.99,few clouds
51,Arraial Do Cabo,BR,-22.9661,-42.0278,76.08,87,4,2.82,clear sky
52,Victoria,HK,22.2855,114.1577,74.97,42,0,5.01,clear sky
53,Bubaque,GW,11.2833,-15.8333,74.88,72,5,19.55,clear sky
54,Esperance,AU,-33.8667,121.9,69.64,88,97,17.78,overcast clouds
55,Cape Town,ZA,-33.9258,18.4232,57.34,85,9,4.0,clear sky
56,Port Elizabeth,ZA,-33.918,25.5701,63.32,89,90,4.0,overcast clouds
57,Luderitz,NA,-26.6481,15.1594,57.99,85,0,4.25,clear sky
58,Ponta Do Sol,PT,32.6667,-17.1,60.71,62,83,13.27,broken clouds
59,Crossville,US,35.949,-85.0269,47.05,57,0,3.44,clear sky
60,Mar Del Plata,AR,-38.0023,-57.5575,53.87,60,0,11.99,clear sky
61,New Norfolk,AU,-42.7826,147.0587,69.93,51,56,2.44,broken clouds
62,Bluff,NZ,-46.6,168.3333,59.05,72,55,7.58,broken clouds
63,Tuatapere,NZ,-46.1333,167.6833,63.41,57,62,5.79,broken clouds
64,Torbay,CA,47.6666,-52.7314,35.28,88,8,5.99,clear sky
65,San Quintin,MX,30.4833,-115.95,59.4,75,1,11.32,clear sky
66,Hofn,IS,64.2539,-15.2082,32.41,81,100,14.72,light snow
67,North Bend,US,43.4065,-124.2243,54.25,84,100,14.97,overcast clouds
68,Hasaki,JP,35.7333,140.8333,52.29,87,100,18.39,moderate rain
69,Camalu,MX,30.85,-116.0667,58.6,75,9,9.55,clear sky
70,Kodinsk,RU,58.6881,99.1844,23.34,82,10,4.54,clear sky
71,Yumen,CN,40.2833,97.2,58.05,16,0,16.53,clear sky
72,Charters Towers,AU,-20.1,146.2667,89.71,44,24,3.11,few clouds
73,Katsuura,JP,35.1333,140.3,51.82,90,100,15.28,heavy intensity rain
74,Neyshabur,IR,36.2133,58.7958,65.59,20,0,2.28,clear sky
75,Chapadinha,BR,-3.7417,-43.3603,72.18,98,60,2.75,broken clouds
76,Pisco,PE,-13.7,-76.2167,66.25,82,0,9.22,clear sky
77,Severo-Kurilsk,RU,50.6789,156.125,34.39,89,25,9.06,scattered clouds
78,Portland,US,45.5234,-122.6762,52.48,84,100,10.0,light rain
79,Sisak,HR,45.4661,16.3783,35.58,80,20,2.48,few clouds
80,Umea,SE,63.8284,20.2597,25.92,93,75,0.0,fog
81,Vardo,NO,70.3705,31.1107,28.0,64,98,13.73,overcast clouds
82,High Level,CA,58.5169,-117.136,34.25,99,100,7.34,overcast clouds
83,Kamenka,RU,51.3223,42.7678,34.39,100,100,9.86,light snow
84,Deputatskiy,RU,69.3,139.9,-0.54,86,23,3.15,few clouds
85,Longyearbyen,SJ,78.2186,15.6401,8.44,52,20,26.46,few clouds
86,Neiva,CO,2.9273,-75.2819,73.36,79,97,4.45,overcast clouds
87,Lebu,CL,-37.6167,-73.65,51.57,78,0,18.28,clear sky
88,Chokurdakh,RU,70.6333,147.9167,-0.36,89,98,5.53,overcast clouds
89,Merauke,ID,-8.4667,140.3333,84.2,68,70,8.05,broken clouds
90,Naze,JP,28.3667,129.4833,62.53,49,0,12.12,clear sky
91,Bredasdorp,ZA,-34.5322,20.0403,58.05,92,16,4.68,few clouds
92,Savelugu,GH,9.6244,-0.8253,82.71,56,84,6.73,broken clouds
93,Namtsy,RU,62.7161,129.6658,24.94,85,100,5.73,overcast clouds
94,Kaitangata,NZ,-46.2817,169.8464,61.66,61,10,5.88,clear sky
95,Hokitika,NZ,-42.7167,170.9667,64.04,63,4,5.23,clear sky
96,Hutchinson,US,38.0608,-97.9298,61.03,35,75,11.5,broken clouds
97,Vostok,RU,46.4856,135.8833,49.55,56,1,10.65,clear sky
98,Xining,CN,36.6167,101.7667,48.13,18,100,5.28,overcast clouds
99,Tiznit,MA,29.5833,-9.5,56.3,78,56,7.9,broken clouds
100,Igarka,RU,67.4667,86.5833,7.02,99,100,8.01,overcast clouds
101,Silifke,TR,36.3778,33.9344,59.81,71,1,1.3,clear sky
102,Bairiki,KI,1.3292,172.9752,86.0,74,20,9.22,few clouds
103,Makakilo City,US,21.3469,-158.0858,79.12,61,75,17.27,broken clouds
104,Chimbote,PE,-9.0853,-78.5783,67.69,89,98,7.09,overcast clouds
105,Buala,SB,-8.145,159.5921,81.79,81,99,12.55,moderate rain
106,Guthrie,US,35.8789,-97.4253,70.09,46,100,10.36,overcast clouds
107,Upernavik,GL,72.7868,-56.1549,13.14,82,86,3.06,overcast clouds
108,College,US,64.8569,-147.8028,25.23,59,40,10.36,scattered clouds
109,Bauchi,NG,10.5,10.0,76.23,14,100,4.7,overcast clouds
110,Nome,US,64.5011,-165.4064,19.47,58,0,8.05,clear sky
111,Mataura,NZ,-46.1927,168.8643,67.15,44,25,2.42,scattered clouds
112,Saldanha,ZA,-33.0117,17.9442,59.54,94,0,11.61,clear sky
113,Hilo,US,19.7297,-155.09,77.25,79,100,8.05,overcast clouds
114,Ambanja,MG,-13.6833,48.45,72.01,92,24,3.36,few clouds
115,Ahipara,NZ,-35.1667,173.1667,71.42,71,35,1.74,scattered clouds
116,Riyadh,SA,24.6877,46.7219,66.34,14,42,3.18,scattered clouds
117,Karasuk,RU,53.7377,78.0403,34.77,98,100,7.18,overcast clouds
118,Batsfjord,NO,70.6345,29.7185,19.18,93,94,1.14,overcast clouds
119,Kruisfontein,ZA,-34.0033,24.7314,56.88,88,18,3.87,few clouds
120,Owando,CG,-0.4819,15.8999,73.04,93,99,0.92,light rain
121,Kysyl-Syr,RU,63.8986,122.7617,23.32,89,100,6.58,overcast clouds
122,Constitucion,CL,-35.3333,-72.4167,52.75,57,0,8.75,clear sky
123,Dryden,CA,49.7833,-92.7503,34.09,75,100,4.61,light rain
124,Dikson,RU,73.5069,80.5464,3.74,93,74,10.02,broken clouds
125,Puerto Del Rosario,ES,28.5004,-13.8627,60.55,77,0,16.11,clear sky
126,Macas,EC,-2.3167,-78.1167,67.69,98,96,1.79,overcast clouds
127,Provideniya,RU,64.3833,-173.3,14.11,67,0,13.42,clear sky
128,Nehe,CN,48.4833,124.8333,50.5,30,95,12.3,overcast clouds
129,Manama,BH,26.2154,50.5832,73.35,47,0,3.44,clear sky
130,Khatanga,RU,71.9667,102.5,-12.86,95,90,2.44,overcast clouds
131,Waingapu,ID,-9.6567,120.2641,84.16,62,25,3.87,scattered clouds
132,Cherskiy,RU,68.75,161.3,2.79,85,100,3.15,overcast clouds
133,Tura,IN,25.5198,90.2201,74.59,87,68,7.56,broken clouds
134,Acarau,BR,-2.8856,-40.12,76.8,90,64,8.93,moderate rain
135,Baoshan,CN,46.5586,131.4244,59.86,31,12,21.09,few clouds
136,Nurota,UZ,40.5614,65.6886,67.24,33,0,4.07,clear sky
137,Yar-Sale,RU,66.8333,70.8333,16.45,93,100,23.6,light snow
138,Cairns,AU,-16.9167,145.7667,98.06,64,40,10.36,scattered clouds
139,Russell,US,32.3502,-85.1999,62.2,79,0,0.0,clear sky
140,Paamiut,GL,61.994,-49.6678,36.45,85,100,7.34,overcast clouds
141,Kaeo,NZ,-35.1,173.7833,76.32,75,60,6.13,broken clouds
142,Nemuro,JP,43.3236,145.575,39.61,83,10,18.81,clear sky
143,Kavieng,PG,-2.5744,150.7967,84.65,68,100,6.85,overcast clouds
144,Vila Velha,BR,-20.3297,-40.2925,76.95,94,75,3.44,broken clouds
145,Hami,CN,42.8,93.45,59.92,18,4,5.77,clear sky
146,Lasa,IT,46.6166,10.7002,33.37,95,89,1.68,overcast clouds
147,Am Timan,TD,11.0297,20.2827,84.83,40,89,4.14,overcast clouds
148,Victoria Falls,ZW,-17.9235,25.843,65.44,82,59,2.39,broken clouds
149,Westport,US,41.1415,-73.3579,42.84,92,100,5.75,light rain
150,Husavik,IS,66.0449,-17.3389,25.47,91,100,7.27,light snow
151,Bad Doberan,DE,54.1071,11.9005,39.97,85,100,20.54,overcast clouds
152,Winnemucca,US,40.973,-117.7357,48.25,25,0,3.44,clear sky
153,Antalaha,MG,-14.9003,50.2788,74.62,86,80,4.94,broken clouds
154,Faanui,PF,-16.4833,-151.75,82.38,69,9,12.35,clear sky
155,Labytnangi,RU,66.6572,66.4183,18.05,94,100,21.61,snow
156,Daye,CN,30.0833,114.95,65.35,47,100,7.52,overcast clouds
157,Sao Filipe,CV,14.8961,-24.4956,70.81,71,4,7.18,clear sky
158,Talnakh,RU,69.4865,88.3972,4.01,95,85,8.34,overcast clouds
159,Khandyga,RU,62.6667,135.6,25.93,78,100,4.47,overcast clouds
160,Mount Gambier,AU,-37.8333,140.7667,67.03,48,37,7.47,scattered clouds
161,Moron,AR,-34.6534,-58.6198,62.35,64,4,7.78,clear sky
162,Uvelskiy,RU,54.4446,61.3574,42.12,85,98,11.65,overcast clouds
163,Sampit,ID,-2.5333,112.95,86.02,70,16,1.57,few clouds
164,Ajaccio,FR,42.0,8.9167,39.25,87,0,8.05,clear sky
165,Pierre,US,44.3683,-100.351,35.28,85,0,5.75,clear sky
166,Saint-Augustin,CA,51.226,-58.6502,27.72,82,100,14.41,overcast clouds
167,Kencong,ID,-8.2833,113.3667,84.16,69,12,4.47,few clouds
168,Fujinomiya,JP,35.2167,138.6167,46.58,92,100,10.76,overcast clouds
169,Necochea,AR,-38.5473,-58.7368,51.33,45,1,14.7,clear sky
170,Hrastnik,SI,46.1461,15.0814,36.57,80,71,1.34,broken clouds
171,Nagato,JP,34.3833,131.2,55.13,53,0,12.5,clear sky
172,Saint-Philippe,RE,-21.3585,55.7679,74.79,85,98,13.18,overcast clouds
173,Masvingo,ZW,-20.0637,30.8277,64.38,84,26,4.03,scattered clouds
174,Pavlivka,UA,49.4414,28.4596,27.55,84,82,11.3,broken clouds
175,San Jeronimo,PE,-11.9472,-75.2829,51.12,86,99,1.48,overcast clouds
176,Moose Factory,CA,51.2585,-80.6094,7.2,98,25,3.27,scattered clouds
177,Isangel,VU,-19.55,169.2667,84.04,72,100,8.52,overcast clouds
178,Sao Lourenco Do Sul,BR,-31.3653,-51.9783,64.76,95,100,3.51,overcast clouds
179,Meulaboh,ID,4.1363,96.1285,80.83,71,98,2.91,overcast clouds
180,Puerto Leguizamo,CO,-0.1934,-74.7819,71.51,97,96,1.81,overcast clouds
181,Jacareacanga,BR,-6.2222,-57.7528,72.97,99,100,0.4,moderate rain
182,Visby,SE,57.6409,18.296,36.82,87,75,13.8,broken clouds
183,Talaya,RU,61.3833,152.75,9.73,74,72,1.86,broken clouds
184,Altay,CN,47.8667,88.1167,42.85,67,0,2.93,clear sky
185,Vieux Fort,LC,13.7167,-60.95,78.12,78,40,20.71,scattered clouds
186,Souillac,MU,-20.5167,57.5167,79.18,83,75,12.66,broken clouds
187,Hithadhoo,MV,-0.6,73.0833,82.85,67,6,2.46,clear sky
188,Lashio,MM,22.9333,97.75,71.4,63,98,2.33,overcast clouds
189,Dombarovskiy,RU,50.7587,59.5386,40.37,75,100,12.21,overcast clouds
190,Sinop,TR,41.7711,34.8709,41.52,72,11,7.54,few clouds
191,Magnolia,US,33.2671,-93.2393,64.09,74,16,7.61,few clouds
192,San Isidro,PE,-12.1167,-77.05,73.02,73,0,10.36,clear sky
193,Valcourt,CA,45.5001,-72.3158,35.87,98,100,4.88,light snow
194,Northam,GB,51.0333,-4.2167,46.62,87,100,19.42,overcast clouds
195,Dicabisagan,PH,17.0818,122.4157,78.48,86,91,9.13,overcast clouds
196,Matveyevka,RU,52.15,56.1833,41.65,90,100,5.79,overcast clouds
197,Bintulu,MY,3.1667,113.0333,84.88,69,9,0.72,clear sky
198,Cabo San Lucas,MX,22.8909,-109.9124,69.51,69,45,1.99,scattered clouds
199,Hervey Bay,AU,-25.2986,152.8535,82.02,62,4,5.99,clear sky
200,Ouango,CF,4.3133,22.5552,69.89,90,100,2.24,overcast clouds
201,Ilulissat,GL,69.2167,-51.1,24.82,80,19,0.0,few clouds
202,Mathbaria,BD,22.2876,89.9593,87.53,58,10,17.36,clear sky
203,Baykit,RU,61.67,96.37,21.67,82,24,2.51,few clouds
204,Vanimo,PG,-2.6741,141.3028,83.05,79,91,2.75,overcast clouds
205,Akdepe,TM,42.0551,59.3788,66.02,24,1,10.85,clear sky
206,Teguise,ES,29.0605,-13.564,57.42,82,63,11.5,light rain
207,Huarmey,PE,-10.0681,-78.1522,69.53,86,93,8.43,overcast clouds
208,Mount Isa,AU,-20.7333,139.5,91.17,14,8,8.05,clear sky
209,Namyslow,PL,51.0759,17.7228,30.33,78,68,10.16,broken clouds
210,Hualmay,PE,-11.0964,-77.6139,68.63,87,55,9.26,broken clouds
211,Melo,UY,-32.3667,-54.1833,64.24,97,99,4.32,overcast clouds
212,Westerland,DE,54.9079,8.3033,42.82,81,100,24.16,overcast clouds
213,Norman Wells,CA,65.282,-126.8329,2.77,93,100,7.49,overcast clouds
214,Newnan,US,33.3807,-84.7997,57.4,63,0,5.75,clear sky
215,Waslala,NI,13.2333,-85.3833,71.65,86,46,2.15,scattered clouds
216,Moerai,PF,-22.4333,-151.3333,81.9,79,100,14.65,overcast clouds
217,Porteirinha,BR,-15.7433,-43.0283,68.47,68,0,6.89,clear sky
218,Batticaloa,LK,7.7102,81.6924,81.12,77,95,3.94,overcast clouds
219,Santa Cruz De Tenerife,ES,28.4682,-16.2546,65.64,91,100,31.07,mist
220,Brejo Santo,BR,-7.4933,-38.9872,70.77,86,85,3.29,overcast clouds
221,Milove,UA,49.3787,40.1302,38.46,81,100,15.77,overcast clouds
222,Mahebourg,MU,-20.4081,57.7,81.25,83,75,12.66,broken clouds
223,Hamilton,US,39.1834,-84.5333,47.88,66,0,6.91,clear sky
224,Lethem,GY,3.3803,-59.7968,75.24,89,100,2.24,overcast clouds
225,Roald,NO,62.5833,6.1333,37.76,100,100,11.5,light snow
226,Mandalgovi,MN,45.7625,106.2708,48.09,26,100,16.28,overcast clouds
227,San Miguel,SV,13.4833,-88.1833,78.96,74,58,2.46,broken clouds
228,Gidole,ET,5.65,37.3667,57.31,52,64,2.35,broken clouds
229,Sosnovka,RU,56.255,51.2842,31.89,92,100,4.99,overcast clouds
230,Bull Savanna,JM,17.8868,-77.5902,74.05,83,25,5.37,scattered clouds
231,Liberal,US,37.0431,-100.921,54.64,32,0,11.5,clear sky
232,East London,ZA,-33.0153,27.9116,67.64,78,46,5.59,scattered clouds
233,Bengkulu,ID,-3.8004,102.2655,83.5,57,24,5.08,few clouds
234,Mahajanga,MG,-15.7167,46.3167,77.02,94,20,4.61,few clouds
235,Berlevag,NO,70.8578,29.0864,23.0,75,97,9.42,overcast clouds
236,Carballo,ES,43.213,-8.691,44.87,73,3,8.43,clear sky
237,Playa Vicente,MX,17.8333,-95.8167,74.86,77,38,4.16,scattered clouds
238,Taft,IR,31.7471,54.2088,57.15,20,0,4.61,clear sky
239,Chapais,CA,49.7834,-74.8492,23.67,92,99,3.47,overcast clouds
240,Maldonado,UY,-34.6667,-54.9167,64.22,95,11,7.45,few clouds
241,Maravatio,MX,19.9,-100.45,60.96,30,1,5.14,clear sky
242,Pechora,RU,65.1472,57.2244,20.35,95,100,2.93,snow
243,Langres,FR,47.8333,5.3333,20.19,70,5,3.02,clear sky
244,Bima,ID,-8.4667,118.7167,88.18,58,59,0.94,broken clouds
245,Geraldton,AU,-28.7667,114.6,73.81,73,75,19.57,broken clouds
246,Kailua,US,21.4022,-157.7394,80.58,75,38,7.0,scattered clouds
247,Nalut,LY,30.3333,10.85,64.83,29,0,17.49,clear sky
248,Lalmohan,BD,22.3384,90.7419,84.43,67,11,18.43,few clouds
249,Samarai,PG,-10.6167,150.6667,82.85,74,95,11.65,overcast clouds
250,Santiago Del Estero,AR,-27.7951,-64.2615,68.79,58,0,6.51,clear sky
251,Camacha,PT,33.0833,-16.3333,56.62,58,40,16.11,scattered clouds
252,Arlit,NE,18.7369,7.3853,81.07,5,87,7.65,overcast clouds
253,Belyy Yar,RU,53.6039,91.3903,35.85,93,100,2.24,overcast clouds
254,Houma,US,29.5958,-90.7195,66.2,82,0,4.61,clear sky
255,Aykhal,RU,66.0,111.5,6.46,90,100,17.31,overcast clouds
256,Letlhakeng,BW,-24.0944,25.0298,63.77,95,100,9.42,moderate rain
257,Panguna,PG,-6.3164,155.4848,77.9,81,93,3.27,moderate rain
258,Yenagoa,NG,4.9247,6.2642,77.23,91,100,3.89,overcast clouds
259,Kozachi Laheri,UA,46.7037,32.9776,35.67,83,51,12.86,broken clouds
260,Havoysund,NO,70.9963,24.6622,30.43,61,100,9.62,light snow
261,Ailigandi,PA,9.2333,-78.0167,79.93,88,100,6.46,overcast clouds
262,Lagoa,PT,39.05,-27.9833,58.64,74,97,15.39,overcast clouds
263,Saint-Louis,SN,16.3333,-15.0,64.38,66,59,12.44,broken clouds
264,Atar,MR,20.5169,-13.0499,64.98,48,1,4.99,clear sky
265,Anadyr,RU,64.75,177.4833,3.7,77,0,8.95,clear sky
266,Kirakira,SB,-10.4544,161.9205,81.39,85,100,13.58,overcast clouds
267,Hirara,JP,24.8,125.2833,69.03,60,56,18.63,broken clouds
268,Chuy,UY,-33.6971,-53.4616,62.51,96,6,4.97,clear sky
269,Adre,TD,13.4667,22.2,76.23,13,80,11.52,broken clouds
270,Labuan,MY,5.2767,115.2417,81.1,75,9,3.0,clear sky
271,Berga,NO,60.392,5.328,38.16,94,75,10.36,light intensity drizzle rain
272,Tartus,SY,34.889,35.8866,62.38,49,18,3.78,few clouds
273,Beinamar,TD,8.6698,15.3813,81.55,30,100,7.38,overcast clouds
274,Alice,US,27.7523,-98.0697,73.29,78,100,12.66,overcast clouds
275,Cockburn Town,TC,21.4612,-71.1419,76.96,83,40,13.8,scattered clouds
276,Katobu,ID,-4.9408,122.5276,88.05,55,74,3.67,broken clouds
277,Skjervoy,NO,70.0311,20.9714,14.0,64,30,8.43,scattered clouds
278,Houston,US,29.7633,-95.3633,69.35,81,100,12.66,overcast clouds
279,Alofi,NU,-19.0595,-169.9187,80.55,70,83,9.66,light rain
280,Litovko,RU,49.2361,135.1742,41.54,85,32,13.87,scattered clouds
281,Bonthe,SL,7.5264,-12.505,75.85,76,43,7.27,scattered clouds
282,Klaksvik,FO,62.2266,-6.589,38.32,96,100,24.45,overcast clouds
283,Marshall,US,34.3834,-86.3333,53.35,59,0,4.61,clear sky
284,Ginda,IN,30.6945,78.4932,71.71,10,0,1.59,clear sky
285,Novyy Urengoy,RU,66.0833,76.6333,15.69,94,100,17.25,overcast clouds
286,Grindavik,IS,63.8424,-22.4338,36.07,87,40,13.8,scattered clouds
287,Salalah,OM,17.0151,54.0924,73.49,64,0,4.61,clear sky
288,Bon Accord,CA,53.8335,-113.4187,46.53,65,1,7.56,clear sky
289,Mangrol,IN,21.1167,70.1167,80.13,60,0,4.7,clear sky
290,Conde,BR,-7.2597,-34.9075,74.66,100,40,4.61,scattered clouds
291,Biak,ID,-0.9131,122.8766,81.32,78,78,2.48,broken clouds
292,Stillwater,US,36.1156,-97.0584,73.67,40,100,9.22,overcast clouds
293,La Asuncion,VE,11.0333,-63.8628,76.64,81,15,17.47,few clouds
294,Kikwit,CD,-5.041,18.8162,71.06,91,100,1.19,overcast clouds
295,Laguna,US,38.421,-121.4238,69.78,51,0,12.66,clear sky
296,Catalina,US,32.5056,-110.9211,73.96,22,0,5.26,clear sky
297,Karpathos,GR,35.507,27.2132,57.16,82,55,4.61,broken clouds
298,Visnes,NO,59.3556,5.2242,41.05,93,100,14.97,light rain
299,Nanortalik,GL,60.1432,-45.2371,35.89,78,100,7.34,overcast clouds
300,Henties Bay,NA,-22.116,14.2845,60.1,88,0,4.83,clear sky
301,Iskele,TR,39.484,26.9278,44.69,87,40,2.3,scattered clouds
302,Shkotovo,RU,43.3319,132.3625,50.29,57,40,11.18,scattered clouds
303,Tigil,RU,57.8,158.6667,26.65,77,100,12.08,overcast clouds
304,Oga,IT,46.4631,10.347,25.97,98,88,2.01,overcast clouds
305,San Cristobal,VE,7.7669,-72.225,67.78,82,72,2.8,broken clouds
306,Port Lincoln,AU,-34.7333,135.8667,69.71,57,10,6.11,clear sky
307,Sumbe,AO,-11.2061,13.8437,76.5,90,95,7.76,overcast clouds
308,Sarandi,BR,-23.4436,-51.8739,68.11,87,3,6.22,clear sky
309,Carnarvon,AU,-24.8667,113.6333,79.52,72,28,11.41,scattered clouds
310,Svetlogorsk,BY,52.6333,29.7333,21.83,85,30,5.57,scattered clouds
311,Beringovskiy,RU,63.05,179.3167,2.82,73,44,16.08,scattered clouds
312,Huaihua,CN,27.5494,109.9592,63.45,62,97,0.92,overcast clouds
313,Ati,TD,13.2154,18.3353,82.08,10,100,9.06,overcast clouds
314,Taoudenni,ML,22.6783,-3.9836,80.6,11,0,7.7,clear sky
315,Sabang,ID,5.8933,95.3214,81.59,71,97,3.62,overcast clouds
316,Harrisonburg,US,38.4496,-78.8689,43.03,45,0,3.44,clear sky
317,Anta,IN,25.15,76.3,88.79,11,0,9.62,clear sky
318,Vestmanna,FO,62.1564,-7.1664,36.52,81,40,13.8,light rain
319,Linqiong,CN,30.4159,103.4609,57.02,93,100,4.76,moderate rain
320,Emerald,AU,-23.5333,148.1667,87.85,45,74,6.8,broken clouds
321,Port-Gentil,GA,-0.7193,8.7815,80.44,79,93,5.39,overcast clouds
322,Codrington,AU,-38.2667,141.9667,62.83,64,84,13.13,broken clouds
323,Mastung,PK,29.7994,66.845,64.0,11,5,2.64,clear sky
324,Ternate,ID,0.8,127.4,83.57,71,87,5.14,overcast clouds
325,Manta,EC,-0.95,-80.7333,76.78,78,75,4.61,broken clouds
326,Avera,US,33.194,-82.5271,56.71,44,0,6.89,clear sky
327,Rudbar,AF,30.15,62.6,76.42,12,25,7.11,scattered clouds
328,Monrovia,LR,6.3005,-10.7969,78.08,88,37,4.72,scattered clouds
329,Port Hedland,AU,-20.3167,118.5667,96.85,34,1,4.61,clear sky
330,Keti Bandar,PK,24.1447,67.4497,79.45,61,11,11.3,few clouds
331,Thinadhoo,MV,0.5333,72.9333,82.89,64,6,0.76,clear sky
332,Gisborne,NZ,-38.6533,178.0042,70.52,66,15,5.17,few clouds
333,Trinidad,BO,-14.8333,-64.9,71.01,94,1,3.04,clear sky
334,Gberia Fotombu,SL,9.8833,-11.1667,73.54,49,16,3.76,few clouds
335,Gilgit,PK,35.9221,74.3087,57.43,43,14,4.79,few clouds
336,Ballina,AU,-28.8667,153.5667,80.78,78,35,5.99,scattered clouds
337,Derzhavinsk,KZ,51.1,66.3167,38.28,78,100,10.85,overcast clouds
338,Poya,NC,-21.35,165.15,82.36,80,100,4.32,overcast clouds
339,Gimli,CA,50.6336,-96.9907,32.02,74,87,4.61,overcast clouds
340,Serenje,ZM,-13.2325,30.2352,59.68,95,34,1.79,scattered clouds
341,Aripuana,BR,-9.1667,-60.6333,74.3,94,98,1.79,overcast clouds
342,Nuuk,GL,64.1835,-51.7216,34.41,86,7,13.8,clear sky
343,Akureyri,IS,65.6835,-18.0878,31.93,69,100,3.44,overcast clouds
344,Te Anau,NZ,-45.4167,167.7167,70.81,33,50,1.34,scattered clouds
345,Narsimhapur,IN,22.95,79.2,90.7,13,3,7.07,clear sky
346,Namibe,AO,-15.1961,12.1522,69.26,82,85,8.95,overcast clouds
347,Yashalta,RU,46.3395,42.2762,47.07,75,28,21.99,scattered clouds
348,Amapa,BR,1.0,-52.0,72.32,99,100,1.63,light rain
349,Vylkove,UA,45.4021,29.586,36.84,70,85,10.76,overcast clouds
350,Alizai,PK,33.5383,70.3462,73.44,15,0,3.56,clear sky
351,Dunedin,NZ,-45.8742,170.5036,60.8,72,4,14.0,clear sky
352,Yaan,NG,7.3833,8.5667,79.77,72,62,11.54,broken clouds
353,Edelira,PY,-26.75,-55.2667,71.71,84,100,1.21,overcast clouds
354,Bethel,US,41.3712,-73.414,40.35,90,99,4.0,overcast clouds
355,Neuquen,AR,-38.9516,-68.0591,55.29,44,0,6.91,clear sky
356,Talcahuano,CL,-36.7167,-73.1167,49.68,81,0,6.91,clear sky
357,Rawson,AR,-43.3002,-65.1023,57.4,42,4,21.7,clear sky
358,Aksu,CN,41.1231,80.2644,61.47,21,0,4.27,clear sky
359,Osa,RU,57.2829,55.4567,35.56,89,100,10.69,overcast clouds
360,Athabasca,CA,54.7169,-113.2854,34.38,86,16,8.16,few clouds
361,Hay River,CA,60.8156,-115.7999,37.38,56,75,13.8,broken clouds
362,Harrisburg,US,40.2737,-76.8844,41.52,62,0,16.11,clear sky
363,Notre-Dame-Du-Lac,CA,47.6136,-68.7964,28.87,98,100,2.48,overcast clouds
364,Sisimiut,GL,66.9395,-53.6735,26.4,78,10,6.11,clear sky
365,Pangnirtung,CA,66.1451,-65.7125,22.77,97,100,2.3,light snow
366,Los Llanos De Aridane,ES,28.6585,-17.9182,55.15,72,0,5.75,clear sky
367,Kahului,US,20.8947,-156.47,78.82,70,20,23.02,few clouds
368,Dhanera,IN,24.5167,72.0167,84.27,28,0,5.39,clear sky
369,Kamphaeng Phet,TH,16.25,99.5,80.87,39,100,5.57,overcast clouds
370,Green Valley,US,31.8543,-110.9937,73.44,25,0,9.42,clear sky
371,Chufarovo,RU,54.0963,47.3367,31.75,91,100,5.3,overcast clouds
372,Bilibino,RU,68.0546,166.4372,7.47,69,4,4.09,clear sky
373,Gamba,GA,-2.65,10.0,76.08,93,99,1.83,overcast clouds
374,Oranjemund,NA,-28.55,16.4333,61.18,79,89,5.75,overcast clouds
375,Lac Du Bonnet,CA,50.2536,-96.0612,26.06,98,100,1.86,overcast clouds
376,Ostrovnoy,RU,68.0531,39.5131,13.35,93,92,6.93,overcast clouds
377,Mizdah,LY,31.4451,12.9801,53.35,81,0,8.05,clear sky
378,Marawi,PH,7.9986,124.2928,80.22,66,89,5.35,overcast clouds
379,Lawton,US,34.6087,-98.3903,73.63,46,0,16.11,clear sky
380,Kamir,PK,30.4333,73.05,82.8,11,6,4.81,clear sky
381,Nassau,US,40.7507,-73.5829,43.21,69,75,12.66,broken clouds
382,Fare,PF,-16.7,-151.0167,82.31,70,14,12.35,few clouds
383,Gao,ML,16.6362,1.637,82.33,4,53,7.78,broken clouds
384,Jalu,LY,29.0331,21.5482,71.06,16,6,13.0,clear sky
385,Prince Rupert,CA,54.3161,-130.3201,40.69,87,20,29.93,few clouds
386,Polson,US,47.6936,-114.1632,44.73,46,98,7.47,overcast clouds
387,Guanay,BO,-15.4975,-67.8797,69.67,89,17,0.89,few clouds
388,Patea,NZ,-39.7583,174.4833,72.7,63,7,8.21,clear sky
389,Shenjiamen,CN,29.9576,122.298,54.93,55,1,5.84,clear sky
390,Tilichiki,RU,60.4667,166.1,23.56,74,92,10.76,overcast clouds
391,Rudnogorsk,RU,57.2639,103.7519,24.6,60,94,8.97,light snow
392,Kurilsk,RU,45.2333,147.8833,41.49,56,1,7.67,clear sky
393,Mnogovershinnyy,RU,53.9353,139.9242,35.28,99,98,6.22,overcast clouds
394,Jacksonville,US,30.3322,-81.6556,65.03,82,0,5.75,clear sky
395,Shimoni,KE,-4.6476,39.3817,80.87,77,10,3.51,light rain
396,Shirvan,AZ,39.9509,48.8994,62.44,46,39,11.39,scattered clouds
397,Namatanai,PG,-3.6667,152.4333,84.31,71,99,6.87,light rain
398,Khirkiya,IN,22.1674,76.8605,91.26,12,4,4.07,clear sky
399,Vao,NC,-22.6667,167.4833,79.45,84,73,13.8,broken clouds
400,Warri,NG,5.5167,5.75,77.68,90,100,3.85,overcast clouds
401,Alyangula,AU,-13.8483,136.4192,84.79,66,98,5.57,overcast clouds
402,Port Blair,IN,11.6667,92.75,86.04,70,40,4.61,scattered clouds
403,Vila Franca Do Campo,PT,37.7167,-25.4333,55.81,68,68,12.77,broken clouds
404,Okitipupa,NG,6.5047,4.7839,77.79,90,100,2.51,overcast clouds
405,Golden,US,39.7555,-105.2211,46.13,51,100,3.0,overcast clouds
406,Shahdadkot,PK,27.8477,67.9055,87.04,5,25,2.89,scattered clouds
407,Krasnokamensk,RU,50.0979,118.0369,32.7,29,100,6.98,overcast clouds
408,Padang,ID,-0.9492,100.3543,87.85,58,4,4.65,clear sky
409,Kodiak,US,57.79,-152.4072,36.91,87,100,13.8,overcast clouds
410,Sakakah,SA,29.9697,40.2064,67.35,21,100,5.55,overcast clouds
411,Mayor Pablo Lagerenza,PY,-19.9309,-60.7718,77.2,59,11,5.03,few clouds
412,Iqaluit,CA,63.7506,-68.5145,17.33,79,75,13.8,broken clouds
413,Bitung,ID,1.4451,125.1824,85.05,69,18,1.12,few clouds
414,Ust-Maya,RU,60.4167,134.5333,26.92,81,100,3.11,overcast clouds
415,Diu,IN,20.7141,70.9822,82.62,48,6,4.76,clear sky
416,Bassano,CA,50.7834,-112.4685,44.64,46,33,19.64,scattered clouds
417,San Luis,AR,-33.295,-66.3356,50.86,37,0,11.92,clear sky
418,Port Hardy,CA,50.6996,-127.4199,44.78,70,100,8.05,overcast clouds
419,Flinders,AU,-34.5833,150.8552,81.05,48,74,8.99,broken clouds
420,Mayo,US,38.8876,-76.5119,46.67,50,0,14.97,clear sky
421,Antofagasta,CL,-23.65,-70.4,58.28,71,30,5.95,scattered clouds
422,Tazovskiy,RU,67.4667,78.7,8.8,96,100,12.91,overcast clouds
423,Cidreira,BR,-30.1811,-50.2056,68.47,96,100,11.95,moderate rain
424,Kidal,ML,18.4411,1.4078,81.39,7,14,3.11,few clouds
425,Cap-Aux-Meules,CA,47.3821,-61.8597,30.22,74,99,8.05,overcast clouds
426,Arenapolis,BR,-14.4503,-56.8461,72.81,92,8,1.36,clear sky
427,Okhotsk,RU,59.3833,143.3,24.53,88,100,16.22,light snow
428,Tromso,NO,69.6496,18.957,19.38,67,55,4.61,broken clouds
429,Zhigansk,RU,66.7697,123.3711,6.85,81,59,11.97,broken clouds
430,Morondava,MG,-20.2833,44.2833,75.87,75,0,4.03,clear sky
431,Saint-Paul,RE,-21.0096,55.2707,77.09,82,88,2.26,overcast clouds
432,Pinega,RU,64.7001,43.3936,4.44,100,97,2.24,overcast clouds
433,Morehead,US,37.2711,-87.1764,48.78,73,0,0.0,clear sky
434,Lata,PT,40.1629,-8.3327,40.91,57,1,11.72,clear sky
435,Asau,RO,46.4333,26.4,31.28,95,99,3.06,overcast clouds
436,Torres,BR,-29.3353,-49.7269,71.83,96,100,4.25,overcast clouds
437,Camapua,BR,-19.5314,-54.0439,73.08,87,0,1.9,clear sky
438,Leningradskiy,RU,69.3833,178.4167,-5.91,89,100,4.72,overcast clouds
439,Takoradi,GH,4.8845,-1.7554,80.22,88,90,8.77,moderate rain
440,Narsaq,GL,60.9167,-46.05,41.22,81,48,4.9,scattered clouds
441,Warah,PK,27.4481,67.7978,86.43,6,8,4.36,clear sky
442,Marsh Harbour,BS,26.5412,-77.0636,74.59,77,100,9.53,overcast clouds
443,Simao,CN,22.7886,100.9748,69.6,49,8,4.36,clear sky
444,Sao Felix Do Xingu,BR,-6.6447,-51.995,72.25,98,100,0.36,overcast clouds
445,Woodward,US,36.4337,-99.3904,58.96,44,0,11.5,clear sky
446,Binga,ZW,-17.6203,27.3414,69.35,87,38,4.52,scattered clouds
447,Tahta,EG,26.7693,31.5021,74.55,16,41,5.26,scattered clouds
448,Besikduzu,TR,41.052,39.2284,57.09,73,100,7.07,overcast clouds
449,Fort Nelson,CA,58.8053,-122.7002,35.19,69,75,2.3,broken clouds
450,Tucurui,BR,-3.7661,-49.6725,74.64,98,100,3.62,heavy intensity rain
451,Tulsipur,NP,28.131,82.2973,85.41,10,0,4.23,clear sky
452,Nortelandia,BR,-14.4547,-56.8028,72.95,92,6,1.54,clear sky
453,Bathsheba,BB,13.2167,-59.5167,77.61,73,75,19.57,broken clouds
454,Katherine,AU,-14.4667,132.2667,95.32,36,0,6.91,clear sky
455,Lompoc,US,34.6391,-120.4579,53.78,85,100,9.22,overcast clouds
456,Sawtell,AU,-30.3833,153.1,82.18,61,40,4.32,scattered clouds
457,Daokou,CN,35.5639,114.5058,65.64,40,84,15.43,broken clouds
458,Green River,US,41.5286,-109.4662,45.0,33,0,4.14,clear sky
459,Dubbo,AU,-32.25,148.6167,77.13,41,4,8.05,clear sky
460,Palana,RU,59.1167,159.9667,22.59,86,100,17.02,overcast clouds
461,Brae,GB,60.3964,-1.353,44.2,91,100,16.44,overcast clouds
462,Constantine,DZ,36.365,6.6147,44.01,87,75,1.14,broken clouds
463,Srinagar,IN,34.0833,74.8167,58.3,39,0,1.86,clear sky
464,Nilagiri,IN,21.4582,86.7722,86.49,59,32,16.46,scattered clouds
465,Natal,BR,-5.795,-35.2094,77.22,94,75,5.75,moderate rain
466,Muros,ES,42.7762,-9.0603,44.1,64,0,20.69,clear sky
467,Marovoay,MG,-16.1,46.6333,72.36,93,0,3.53,clear sky
468,Muli,MV,2.9167,73.5667,83.07,62,7,0.83,clear sky
469,Calama,CL,-22.4667,-68.9333,53.67,31,0,3.96,clear sky
470,Korla,CN,41.7597,86.1469,62.62,16,0,2.53,clear sky
471,Tautira,PF,-17.7333,-149.15,82.53,74,47,14.79,scattered clouds
472,Sinnamary,GF,5.3833,-52.95,77.29,89,100,11.36,light rain
473,Sorland,NO,67.667,12.6934,31.15,90,83,29.77,light snow
474,Troitskoye,RU,52.9821,84.6757,37.38,93,97,5.73,overcast clouds
475,La Ronge,CA,55.1001,-105.2842,35.85,55,0,2.3,clear sky
476,Uwajima,JP,33.2238,132.56,60.67,52,0,12.93,clear sky
477,Chiang Rai,TH,19.9167,99.9167,84.31,59,20,5.75,few clouds
478,Soavinandriana,MG,-19.1667,46.7333,53.6,86,0,5.08,clear sky
479,Kavaratti,IN,10.5669,72.642,82.58,70,20,5.91,few clouds
480,Sobolevo,RU,54.4299,31.8996,16.57,94,58,4.5,broken clouds
481,Teguldet,RU,57.3064,88.1667,27.57,81,100,8.66,overcast clouds
482,Bereda,ES,43.2686,-7.5406,35.58,84,15,7.76,few clouds
483,Namalenga,TZ,-10.95,39.1,70.61,97,72,1.43,light rain
484,Bourail,NC,-21.5667,165.4833,83.3,73,100,8.48,overcast clouds
485,Tucuma,BR,-0.1833,-50.05,75.54,94,100,4.54,moderate rain
486,Pathein,MM,16.7833,94.7333,88.27,48,29,10.42,scattered clouds
487,Lazarev,RU,52.225,141.5131,35.01,94,100,15.68,overcast clouds
488,Boende,CD,-0.2167,20.8667,70.45,86,100,1.43,overcast clouds
489,Grand Gaube,MU,-20.0064,57.6608,81.37,78,24,8.99,few clouds
490,San Patricio,US,28.017,-97.5169,73.89,71,98,13.53,overcast clouds
491,Lubao,PH,14.9167,120.55,91.47,43,88,16.91,overcast clouds
492,Taltal,CL,-25.4,-70.4833,64.38,71,0,4.34,clear sky
493,Ulaangom,MN,49.9811,92.0667,25.86,89,36,3.24,scattered clouds
494,Bandar-E Lengeh,IR,26.5579,54.8807,71.71,100,0,0.0,mist
495,Bawku,GH,11.0616,-0.2417,83.82,47,98,10.8,overcast clouds
496,Granadilla De Abona,ES,28.1188,-16.576,58.82,74,20,5.75,few clouds
497,Mecca,SA,21.4267,39.8261,78.69,28,61,2.77,broken clouds
498,Saint-Joseph,RE,-21.3667,55.6167,73.78,84,99,10.18,overcast clouds
499,Bamiantong,CN,44.9333,130.5333,60.26,25,1,19.53,clear sky
500,Hudson Bay,CA,52.85,-102.3842,29.21,95,90,2.95,overcast clouds
501,Pombas,CV,17.1503,-25.0201,69.58,78,4,12.44,clear sky
502,Baherden,TM,38.4362,57.4316,77.02,19,0,4.9,clear sky
503,Amazar,RU,53.858,120.875,24.8,48,100,6.96,overcast clouds
504,Kuytun,RU,54.3419,101.5036,26.6,68,84,8.37,light snow
505,Kiama,AU,-34.6833,150.8667,81.25,46,71,15.01,broken clouds
506,Madang,PG,-5.2246,145.7966,85.59,67,89,6.67,overcast clouds
507,Mehamn,NO,71.0357,27.8492,22.95,93,40,4.61,light shower snow
508,Aklavik,CA,68.2191,-135.0107,-6.75,95,100,8.7,overcast clouds
509,Karaton,ID,-6.3424,106.1045,86.32,60,41,4.68,scattered clouds
510,Guozhen,CN,34.3659,107.359,68.86,35,100,2.35,overcast clouds
511,Bilma,NE,18.6853,12.9164,81.81,6,2,5.1,clear sky
512,Toowoomba,AU,-27.55,151.9667,72.25,76,32,1.01,scattered clouds
513,Iwanai,JP,42.9744,140.5089,50.41,48,0,4.79,clear sky
514,Gobabis,NA,-22.45,18.9667,60.91,48,0,4.12,clear sky
515,Havre-Saint-Pierre,CA,50.2334,-63.5986,33.8,59,0,12.66,clear sky
516,Apen,DE,53.2167,7.8,39.06,76,100,18.39,overcast clouds
517,Roseburg,US,43.2165,-123.3417,55.51,50,100,6.91,overcast clouds
518,Seoul,KR,37.5683,126.9778,61.99,21,0,8.05,clear sky
519,Soyo,AO,-6.1349,12.3689,77.81,90,95,3.65,overcast clouds
520,Inhambane,MZ,-23.865,35.3833,74.82,75,0,7.78,clear sky
521,Hovd,MN,48.0056,91.6419,46.94,23,0,0.83,clear sky
522,Dongsheng,CN,39.8161,109.9776,55.96,11,100,13.69,overcast clouds
523,Rafaela,AR,-31.2503,-61.4867,61.99,55,0,5.99,clear sky
524,Khani,GE,41.9563,42.9566,42.37,96,100,1.97,overcast clouds
525,Senneterre,CA,48.3835,-77.2328,26.04,98,84,4.41,light snow
526,Koundara,GN,12.4833,-13.3,78.17,28,79,4.61,broken clouds
527,Shelburne,CA,44.0787,-80.2041,30.76,94,10,6.71,clear sky
528,Rio Branco,BR,-9.9747,-67.81,75.81,94,75,1.14,broken clouds
529,Sao Joao Da Barra,BR,-21.6403,-41.0511,73.92,93,1,6.06,clear sky
530,Inirida,CO,3.8653,-67.9239,73.6,98,100,1.03,overcast clouds
531,Namie,JP,37.4833,141.0,50.99,81,92,8.59,overcast clouds
532,El Alto,PE,-4.2714,-81.2147,70.7,81,46,15.03,scattered clouds
533,Bouna,CI,9.2667,-3.0,78.01,58,56,5.14,broken clouds
534,San Pedro,PH,14.35,121.0167,88.32,58,20,4.61,few clouds
535,Grand-Santi,GF,4.25,-54.3833,73.27,100,100,1.72,overcast clouds
536,Keetmanshoop,NA,-26.5833,18.1333,57.85,50,0,7.25,clear sky
537,Wucheng,CN,29.6008,118.175,65.07,47,61,3.33,broken clouds
538,Calamar,CO,10.2511,-74.9146,80.13,79,97,1.21,overcast clouds
539,Tarko-Sale,RU,64.9225,77.785,22.57,90,100,22.17,overcast clouds
540,Bhiwani,IN,28.7833,76.1333,84.29,6,0,7.76,clear sky
541,Alattyan,HU,47.4271,20.0422,32.97,77,93,4.03,overcast clouds
542,Omboue,GA,-1.5746,9.2618,77.02,90,99,2.28,overcast clouds
543,Chardara,KZ,41.2547,67.9692,62.96,54,6,6.33,clear sky
544,Fenoarivo Atsinanana,MG,-17.3667,49.4167,72.16,89,7,4.41,clear sky
545,Bocholt,DE,51.8333,6.6,36.95,71,95,15.14,overcast clouds
546,Mahibadhoo,MV,3.7833,72.9667,83.1,64,50,1.39,scattered clouds
547,Sorong,ID,-0.8833,131.25,83.79,70,98,7.61,overcast clouds
548,Kemijarvi,FI,66.7131,27.4306,12.67,98,96,1.01,overcast clouds
549,Lavrentiya,RU,65.5833,-171.0,-2.61,85,6,10.94,clear sky
550,Bayeux,BR,-7.125,-34.9322,75.83,100,40,4.61,scattered clouds
551,Buin,CL,-33.7333,-70.75,65.73,44,0,3.13,clear sky
552,Hambantota,LK,6.1241,81.1185,81.59,76,19,2.64,few clouds
553,Jiuquan,CN,39.7432,98.5174,59.14,13,0,7.76,clear sky
554,Zhanaozen,KZ,43.3,52.8,53.64,67,27,5.93,scattered clouds
555,Malanje,AO,-9.5402,16.341,62.6,94,100,1.5,overcast clouds
556,Vista Hermosa,MX,19.5167,-99.2167,72.79,28,20,9.22,few clouds
557,Tepalcatepec,MX,19.1833,-102.85,79.63,33,9,5.1,clear sky
558,Guerrero Negro,MX,27.9769,-114.0611,59.83,73,0,12.68,clear sky
559,Lazaro Cardenas,MX,17.9583,-102.2,71.87,85,1,3.89,clear sky
560,Davila,PH,18.4726,120.5763,91.38,83,93,28.57,overcast clouds
561,Yuksekova,TR,37.5736,44.2872,36.88,76,72,0.65,broken clouds
562,Basco,PH,20.4487,121.9702,75.85,72,99,28.14,overcast clouds
563,Puerto Escondido,MX,15.85,-97.0667,79.63,78,0,4.61,clear sky
564,Surt,LY,31.2089,16.5887,61.03,86,0,12.57,clear sky
565,Hobyo,SO,5.3505,48.5268,80.47,74,60,7.9,broken clouds
566,Iacu,BR,-12.7672,-40.2117,68.86,92,27,2.06,scattered clouds
567,Mishelevka,RU,52.8575,103.1719,28.4,84,100,7.58,light snow
568,Korgen,NO,66.0771,13.8153,23.32,93,93,5.46,overcast clouds
569,Adrar,MR,20.5022,-10.0711,69.62,17,0,10.74,clear sky
570,Sonoita,MX,31.85,-112.8333,66.13,33,0,4.7,clear sky
571,Fukue,JP,32.6881,128.8419,62.96,48,20,12.66,few clouds
572,Krapivinskiy,RU,54.9992,86.8133,34.3,100,100,3.76,light snow
573,Nkowakowa,ZA,-23.8878,30.2871,69.48,66,85,2.39,overcast clouds
574,Ales,FR,44.1333,4.0833,35.69,73,7,5.44,clear sky
575,Nioro,GM,13.35,-15.75,70.95,45,4,9.31,clear sky
576,Vestmannaeyjar,IS,63.4427,-20.2734,42.64,83,100,6.24,overcast clouds
577,Zeya,RU,53.75,127.2667,32.56,37,10,12.44,clear sky
578,Kholtoson,RU,50.2981,103.3097,41.59,54,100,11.65,overcast clouds
579,Sangmelima,CM,2.9333,11.9833,68.47,93,100,2.19,overcast clouds
580,Leshan,CN,29.5623,103.7639,56.41,89,100,6.6,overcast clouds
581,Denizli,TR,37.8402,29.0698,50.41,54,36,3.18,scattered clouds
582,Yerbogachen,RU,61.2767,108.0108,15.24,87,100,10.29,light snow
583,Kaka,TM,37.3482,59.6143,74.16,21,0,4.03,clear sky
584,Nesbyen,NO,60.5681,9.1027,33.01,96,100,2.06,overcast clouds
585,Opunake,NZ,-39.4556,173.8583,71.85,63,4,8.81,clear sky
586,Homer,US,59.6425,-151.5483,37.29,87,100,0.0,overcast clouds
587,Calabozo,VE,8.9242,-67.4293,88.21,42,93,3.09,overcast clouds
588,Ziarat,PK,30.3823,67.7282,56.77,12,22,5.82,few clouds
589,Okha,RU,53.5739,142.9478,41.16,84,37,17.47,scattered clouds
590,Cayenne,GF,4.9333,-52.3333,80.1,1,20,4.0,few clouds
591,Ramjibanpur,IN,22.8333,87.6167,89.08,51,0,18.07,clear sky
592,San Pedro De Ycuamandiyu,PY,-24.0917,-57.0764,79.65,63,96,3.58,overcast clouds
593,Gizo,SB,-8.103,156.8419,85.28,70,99,12.1,light rain
594,Vuktyl,RU,63.8567,57.3094,23.63,96,100,8.08,snow
595,Tual,ID,-5.6667,132.75,82.2,64,15,1.77,few clouds
596,Cape Canaveral,US,28.4058,-80.6048,70.03,75,0,6.91,clear sky
597,Kalmunai,LK,7.4167,81.8167,81.77,76,74,3.4,broken clouds
598,Manoel Urbano,BR,-8.8389,-69.2597,72.19,90,13,2.59,few clouds
599,Praia Da Vitoria,PT,38.7333,-27.0667,57.76,88,20,13.94,few clouds
600,Guanica,PR,17.9716,-66.908,77.92,81,9,10.25,clear sky
601,Rassvet,RU,46.8333,40.75,42.04,100,47,3.13,light rain
602,Harper,LR,4.375,-7.7169,79.7,86,100,9.69,overcast clouds
603,Vallenar,CL,-28.5708,-70.7581,64.58,52,0,0.76,clear sky
604,Jiazi,CN,22.8779,116.067,66.74,45,0,19.1,clear sky
605,Chibuto,MZ,-24.6867,33.5306,69.6,79,43,7.74,scattered clouds
606,Belle Fourche,US,44.6714,-103.8522,41.54,41,6,0.76,clear sky
607,Narasannapeta,IN,18.4167,84.05,85.57,62,52,11.65,broken clouds
608,Nabire,ID,-3.3667,135.4833,87.3,55,25,5.1,scattered clouds
609,Baykalovo,RU,57.3981,63.7684,37.54,95,76,11.45,broken clouds
610,Honningsvag,NO,70.9821,25.9704,29.95,59,100,14.97,overcast clouds
611,Lexington,US,37.9887,-84.4777,44.6,66,0,5.75,clear sky
612,Port-Cartier,CA,50.0334,-66.8654,30.42,86,31,8.52,scattered clouds
613,Wuwei,CN,37.9281,102.6414,58.21,14,66,18.28,broken clouds
614,Taquarituba,BR,-23.5331,-49.2444,65.17,98,23,6.96,few clouds
615,Jardim,BR,-21.4803,-56.1381,75.02,75,6,3.09,clear sky
616,Tabuk,PH,17.4189,121.4443,73.15,95,100,6.46,overcast clouds
617,Kupang,ID,-10.1667,123.5833,84.54,66,34,3.24,scattered clouds
618,Estevan,CA,49.1334,-102.9842,35.94,80,0,6.06,clear sky
619,Mirabad,AF,30.4362,61.8383,76.1,12,15,3.56,few clouds
620,Trincomalee,LK,8.5711,81.2335,81.75,76,11,5.82,few clouds
621,Slonim,BY,53.0867,25.3219,21.9,89,52,5.44,broken clouds
622,Stolin,BY,51.8912,26.846,22.26,87,11,6.8,few clouds
623,Koberice,CZ,49.9855,18.0521,31.06,100,99,10.13,overcast clouds
624,Axim,GH,4.8699,-2.2405,80.98,85,100,9.17,light rain
625,Martapura,ID,-3.4167,114.85,77.09,88,40,3.44,thunderstorm with rain
626,Coahuayana,MX,18.7333,-103.6833,67.87,92,12,1.45,few clouds
627,Guangyuan,CN,32.442,105.823,57.33,78,100,2.24,overcast clouds
628,Cabedelo,BR,-6.9811,-34.8339,75.87,80,58,10.33,broken clouds
629,Rondonopolis,BR,-16.4708,-54.6356,72.86,87,3,2.35,clear sky
630,Otradnoye,RU,59.7775,30.8181,29.03,94,44,4.36,scattered clouds
631,Clyde River,CA,70.4692,-68.5914,10.63,92,100,9.22,overcast clouds
632,Cuamba,MZ,-14.8031,36.5372,66.56,98,20,1.66,few clouds
633,Luanda,AO,-8.8368,13.2343,74.91,88,85,4.63,overcast clouds
634,Mbini,GQ,1.574,9.6134,79.11,82,76,2.48,broken clouds
635,Mikuni,JP,36.2171,136.1519,55.31,76,27,12.57,light rain
636,Tuensang,IN,26.2833,94.8333,69.53,81,84,1.25,broken clouds
637,Makhinjauri,GE,41.6739,41.694,55.26,62,75,9.22,broken clouds
638,Bobrov,RU,51.0961,40.0333,32.59,94,99,8.37,overcast clouds
639,Sattahip,TH,12.6664,100.9007,86.99,47,20,9.22,few clouds
640,Sosua,DO,19.7667,-70.5167,76.98,94,40,0.0,scattered clouds
641,Kutum,SD,14.2,24.6667,70.59,13,19,2.89,few clouds
642,Krasnoselkup,RU,65.7,82.4667,18.28,90,100,16.26,overcast clouds
643,Kaifeng,CN,34.7911,114.3483,66.99,40,54,12.88,broken clouds
644,Yeniseysk,RU,58.4497,92.1703,24.17,79,94,3.85,overcast clouds
645,Djenne,ML,13.9061,-4.5533,84.47,13,93,6.67,overcast clouds
646,Tomatlan,MX,19.9333,-105.25,64.8,91,5,1.92,clear sky
647,Ibotirama,BR,-12.1853,-43.2206,71.35,59,9,1.45,clear sky
648,Conceicao Da Barra,BR,-18.5933,-39.7322,75.13,85,11,3.47,few clouds
649,Toamasina,MG,-18.1667,49.3833,73.4,88,40,4.61,scattered clouds
650,Newport,GB,51.5877,-2.9984,47.77,85,100,3.0,light rain
651,Amahai,ID,-3.3333,128.9167,84.51,65,29,5.46,scattered clouds
652,Xuddur,SO,4.1213,43.8894,73.31,85,49,11.63,scattered clouds
653,San Julian,MX,21.0167,-102.1667,67.69,14,2,7.38,clear sky
654,Haines Junction,CA,60.7522,-137.5108,33.75,64,100,9.22,overcast clouds
655,Manyana,BW,-23.4,21.7167,63.27,86,67,6.31,light rain
656,Novo Aripuana,BR,-5.1206,-60.3797,73.04,99,100,2.75,moderate rain
657,Celestun,MX,20.8667,-90.4,78.37,88,66,12.71,broken clouds
658,Abu Dhabi,AE,24.4667,54.3667,71.96,96,75,2.3,mist
659,Menongue,AO,-14.6585,17.691,60.87,97,91,2.3,overcast clouds
660,Matagami,CA,49.7502,-77.6328,28.51,69,0,8.05,clear sky
661,Nizhniy Odes,RU,63.6445,54.856,22.06,96,100,6.24,light snow
662,Uige,AO,-7.6087,15.0613,64.87,94,100,1.43,overcast clouds
663,Kautokeino,NO,69.0125,23.0412,12.24,90,97,7.31,overcast clouds
664,Ruteng,ID,-8.6136,120.4721,76.06,48,17,0.56,few clouds
665,Sovetskiy,RU,61.3614,63.5842,35.44,100,100,9.8,overcast clouds
666,Tommot,RU,58.9564,126.2925,21.6,86,100,12.91,light snow
667,Sorkjosen,NO,69.8,20.9333,14.0,85,100,4.61,overcast clouds
668,Kihei,US,20.785,-156.4656,78.82,73,20,23.02,few clouds
669,Rio Gallegos,AR,-51.6226,-69.2181,39.25,65,0,13.8,clear sky
670,Lodwar,KE,3.1191,35.5973,82.24,42,90,3.85,overcast clouds
671,Khandbari,NP,27.3747,87.2039,72.73,68,63,0.63,broken clouds
672,Palaikastron,GR,35.2,26.25,57.94,67,38,3.98,scattered clouds
673,Martinsburg,US,39.4562,-77.9639,43.2,51,100,8.05,overcast clouds
674,Preobrazheniye,RU,42.9019,133.9064,46.69,70,0,12.62,clear sky
675,Norrtalje,SE,59.758,18.705,34.43,93,100,6.4,light snow
676,Socorro,US,31.6546,-106.3033,75.49,13,20,0.0,few clouds
